Question,Answer,Difficulty,Knowledge Level
Explain the difference between active and passive voice in a sentence. Provide an example of each.,"Active voice: The teacher gave the students the assignment. 
Passive voice: The assignment was given to the students by the teacher. 
In active voice, the subject of the sentence (the teacher) is the one performing the action (giving the assignment). In passive voice, the subject (the assignment) is the one receiving the action (being given).",intermediate,K1
Translate the following sentence into reported speech: 'The students have completed their homework.',The students said that they had completed their homework.,intermediate,K2
Identify the concord error in the following sentence and suggest a correction: 'The team of doctors and nurses treated the patients.',The error is that 'doctors and nurses' is a compound noun and should be treated as a single unit. The corrected sentence would be: 'The team of doctors and nurses treated the patients.',intermediate,K3
Choose the appropriate signpost word to connect the following sentences: 'The experiment was conducted in a controlled environment. The results were analyzed using statistical methods.',"Moreover,",intermediate,K4
Explain the difference between technical and general writing. Provide an example of each.,"Technical writing is used in specific fields such as engineering, medicine, and technology. It is precise, detailed, and uses specialized terminology. An example of technical writing is a technical manual for a piece of machinery. General writing is used in everyday communication and is more straightforward and accessible. An example of general writing is a news article.",intermediate,K5
What are the main components of a project report? Provide an example of each.,"A project report typically includes an introduction, literature review, methodology, results, discussion, and conclusion. An example of each component is: 
Introduction: Introduces the topic and sets the stage for the report. 
Literature review: Discusses existing research and provides context. 
Methodology: Describes the methods used for the project. 
Results: Presents the findings of the project. 
Discussion: Analyzes the results and their implications. 
Conclusion: Summarizes the main points and provides final thoughts.",intermediate,K6
What is plagiarism? Provide an example of plagiarism in a sentence.,"Plagiarism is the act of using someone else's work or ideas without giving proper credit. An example of plagiarism is: 'According to Smith (2020), the theory of relativity was first proposed by Einstein.' If the sentence was written without citing Smith (2020), it would be considered plagiarism.",intermediate,K1
"Describe the structure of a report in the STEM field. Provide an example of a report in a specific STEM field (e.g., biology, physics).","A report in a STEM field typically follows a structure that includes an introduction, literature review, methodology, results, discussion, and conclusion. For example, in a biology report, the introduction might introduce the topic and provide background information. The literature review would discuss existing research and provide context. The methodology section would describe the methods used in the study. The results section would present the findings. The discussion section would analyze the results and their implications. The conclusion would summarize the main points and provide final thoughts.",intermediate,K2
"Explain the role of statistical analysis in a STEM report. Provide an example of how statistical analysis is used in a STEM field (e.g., physics, chemistry).","Statistical analysis is used to interpret and draw conclusions from data. In a physics report, for example, statistical analysis might be used to determine the reliability of experimental results. The analysis could involve calculating means, standard deviations, and confidence intervals to assess the precision and accuracy of the measurements.",intermediate,K3
What is the difference between a project report and a research report? Provide an example of each.,"A project report is a report that describes the results of a specific project or task, while a research report is a report that presents the findings of a research study. For example, a project report might describe the process of building a bridge, while a research report might describe the results of a study on the effects of a new drug. A research report typically includes a literature review, methodology, results, and discussion sections, while a project report might not include all of these sections.",intermediate,K4
