Question,Answer,Difficulty
What are the three types of attention discussed in the lesson and how do they affect reading comprehension?,"The lesson discusses three types of attention: selective attention, divided attention, and sustained attention. Selective attention allows us to focus on specific aspects of a text, which is crucial for understanding complex ideas. Divided attention occurs when we have to process multiple pieces of information at once, which can be challenging for reading comprehension. Sustained attention is the ability to maintain focus on a text over an extended period, which is essential for reading long texts without losing track of the main ideas. Each type of attention plays a different role in how effectively we can comprehend what we read.",intermediate
Explain the concept of divided attention and provide an example of how it can affect reading comprehension.,"Divided attention refers to the ability to process multiple pieces of information at the same time. In reading, this can occur when a reader is trying to comprehend a text while also dealing with other tasks, such as remembering facts or understanding a complex concept. For example, a student might be reading a history text while also trying to remember the names of historical figures and understand a difficult concept. This can lead to fragmented understanding of the text, as the reader's attention is divided between the task at hand and the information being read.",intermediate
Compare and contrast selective attention and sustained attention in terms of their impact on reading comprehension.,"Selective attention allows us to focus on specific aspects of a text, such as a particular idea or concept, which is crucial for understanding complex ideas. For example, when reading a scientific article, selective attention can help a reader focus on the key findings and understand the research methodology. Sustained attention, on the other hand, is the ability to maintain focus on a text over an extended period, which is essential for reading long texts without losing track of the main ideas. For instance, while reading a novel, sustained attention helps a reader stay engaged with the story and characters, even when the text is complex and requires a lot of concentration.",intermediate
What is divided attention and how does it affect reading comprehension? Provide an example.,"Divided attention is the ability to process multiple pieces of information at the same time. In reading, this can occur when a reader is trying to comprehend a text while also dealing with other tasks, such as remembering facts or understanding a complex concept. For example, a student might be reading a history text while also trying to remember the names of historical figures and understand a difficult concept. This can lead to fragmented understanding of the text, as the reader's attention is divided between the task at hand and the information being read.",intermediate
How does selective attention impact reading comprehension? Provide an example.,"Selective attention allows us to focus on specific aspects of a text, such as a particular idea or concept, which is crucial for understanding complex ideas. For example, when reading a scientific article, selective attention can help a reader focus on the key findings and understand the research methodology. This focused attention helps the reader grasp the main points of the text and comprehend the material more effectively.",intermediate
Explain how sustained attention affects reading comprehension and provide an example.,"Sustained attention is the ability to maintain focus on a text over an extended period, which is essential for reading long texts without losing track of the main ideas. For instance, while reading a novel, sustained attention helps a reader stay engaged with the story and characters, even when the text is complex and requires a lot of concentration. This sustained focus allows the reader to understand the narrative flow and the characters' development over time.",intermediate
What is the role of divided attention in reading and how can it be improved?,"Divided attention in reading can be improved by managing distractions and focusing on one task at a time. For example, if a reader is trying to understand a complex text, they can improve their comprehension by setting aside other tasks, such as checking emails or social media, to give their full attention to the reading material. Additionally, practicing techniques to enhance focus, such as taking short breaks or using techniques like the Pomodoro method, can help maintain sustained attention over longer periods.",intermediate
Discuss the impact of selective attention on reading comprehension and provide an example.,"Selective attention impacts reading comprehension by allowing us to focus on specific aspects of a text, such as a particular idea or concept, which is crucial for understanding complex ideas. For example, when reading a scientific article, selective attention can help a reader focus on the key findings and understand the research methodology. This focused attention helps the reader grasp the main points of the text and comprehend the material more effectively.",intermediate
How does sustained attention affect reading comprehension and what strategies can be used to improve it?,"Sustained attention affects reading comprehension by allowing us to maintain focus on a text over an extended period, which is essential for reading long texts without losing track of the main ideas. Strategies to improve sustained attention include setting a specific reading time, taking regular breaks, and using techniques like the Pomodoro method to maintain focus over longer periods. Additionally, practicing mindfulness and meditation can also enhance sustained attention.",intermediate
Explain the concept of divided attention and provide an example of how it can affect reading comprehension.,"Divided attention refers to the ability to process multiple pieces of information at the same time. In reading, this can occur when a reader is trying to comprehend a text while also dealing with other tasks, such as remembering facts or understanding a complex concept. For example, a student might be reading a history text while also trying to remember the names of historical figures and understand a difficult concept. This can lead to fragmented understanding of the text, as the reader's attention is divided between the task at hand and the information being read.",intermediate
