Question,Option A,Option B,Option C,Option D,Correct Answer,Explanation,Knowledge Level
What is the primary goal of a Minimum Usable Prototype (MUP) in the context of System Thinking?,A) To create a fully functional product for market testing,B) To identify and fix major technical issues,C) To gather insights and validate assumptions with a limited set of features,D) To create a detailed marketing strategy,2,"A Minimum Usable Prototype is used to validate assumptions and gather insights with a limited set of features, allowing for quicker and more focused testing.",K3
"In System Thinking, what does the term 'loop' refer to?",A) A process of repeating actions to achieve a goal,B) A feedback mechanism that influences the system's behavior,C) A cycle that repeats every 24 hours,D) A closed system that does not interact with the environment,1,"In System Thinking, a loop refers to a feedback mechanism that influences the system's behavior and can lead to changes in the system's state.",K2
Which of the following is NOT a principle of Human-Centered Design?,A) Design for the end user's needs and preferences,B) Focus solely on the product's functionality,C) Collaborate with users throughout the design process,D) Use empathy to understand user needs and behaviors,1,"Human-Centered Design emphasizes understanding user needs and behaviors, and designing products that meet those needs. It does not focus solely on functionality.",K4
"When generating solution concepts, what is the first step in the Systematic Concept Generation process?",A) Conducting customer interviews,B) Identifying and defining the problem,C) Creating a detailed business plan,D) Developing a Minimum Usable Prototype,1,"The first step in Systematic Concept Generation is to identify and define the problem, which is crucial for generating relevant and feasible solution concepts.",K3
What is the main purpose of conducting customer development processes during the validation phase of Design Thinking?,A) To gather insights and validate assumptions about the market and users,B) To finalize the product design,C) To hire more team members,D) To secure funding for the project,0,"The main purpose of customer development processes is to gather insights and validate assumptions about the market and users, which is essential for the success of the project.",K5
"In the context of System Thinking, what does the term 'feedback loop' refer to?",A) A process of repeating actions to achieve a goal,B) A cycle that repeats every 24 hours,C) A mechanism that influences the system's behavior and can lead to changes in the system's state,D) A closed system that does not interact with the environment,2,"In System Thinking, a feedback loop refers to a mechanism that influences the system's behavior and can lead to changes in the system's state, such as in a positive or negative feedback loop.",K2
What is the primary goal of a Minimum Usable Prototype (MUP) in the context of System Thinking?,A) To create a fully functional product for market testing,B) To identify and fix major technical issues,C) To gather insights and validate assumptions with a limited set of features,D) To create a detailed marketing strategy,2,"A Minimum Usable Prototype is used to gather insights and validate assumptions with a limited set of features, allowing for quicker and more focused testing.",K3
Which of the following is NOT a principle of Human-Centered Design?,A) Design for the end user's needs and preferences,B) Focus solely on the product's functionality,C) Collaborate with users throughout the design process,D) Use empathy to understand user needs and behaviors,1,"Human-Centered Design emphasizes understanding user needs and behaviors, and designing products that meet those needs. It does not focus solely on functionality.",K4
"When generating solution concepts, what is the first step in the Systematic Concept Generation process?",A) Conducting customer interviews,B) Identifying and defining the problem,C) Creating a detailed business plan,D) Developing a Minimum Usable Prototype,1,"The first step in Systematic Concept Generation is to identify and define the problem, which is crucial for generating relevant and feasible solution concepts.",K3
What is the main purpose of conducting customer development processes during the validation phase of Design Thinking?,A) To gather insights and validate assumptions about the market and users,B) To finalize the product design,C) To hire more team members,D) To secure funding for the project,0,"The main purpose of customer development processes is to gather insights and validate assumptions about the market and users, which is essential for the success of the project.",K5
"In the context of System Thinking, what does the term 'feedback loop' refer to?",A) A process of repeating actions to achieve a goal,B) A cycle that repeats every 24 hours,C) A mechanism that influences the system's behavior and can lead to changes in the system's state,D) A closed system that does not interact with the environment,2,"In System Thinking, a feedback loop refers to a mechanism that influences the system's behavior and can lead to changes in the system's state, such as in a positive or negative feedback loop.",K2
What is the primary goal of a Minimum Usable Prototype (MUP) in the context of System Thinking?,A) To create a fully functional product for market testing,B) To identify and fix major technical issues,C) To gather insights and validate assumptions with a limited set of features,D) To create a detailed marketing strategy,2,"A Minimum Usable Prototype is used to gather insights and validate assumptions with a limited set of features, allowing for quicker and more focused testing.",K3
Which of the following is NOT a principle of Human-Centered Design?,A) Design for the end user's needs and preferences,B) Focus solely on the product's functionality,C) Collaborate with users throughout the design process,D) Use empathy to understand user needs and behaviors,1,"Human-Centered Design emphasizes understanding user needs and behaviors, and designing products that meet those needs. It does not focus solely on functionality.",K4
"When generating solution concepts, what is the first step in the Systematic Concept Generation process?",A) Conducting customer interviews,B) Identifying and defining the problem,C) Creating a detailed business plan,D) Developing a Minimum Usable Prototype,1,"The first step in Systematic Concept Generation is to identify and define the problem, which is crucial for generating relevant and feasible solution concepts.",K3
What is the main purpose of conducting customer development processes during the validation phase of Design Thinking?,A) To gather insights and validate assumptions about the market and users,B) To finalize the product design,C) To hire more team members,D) To secure funding for the project,0,"The main purpose of customer development processes is to gather insights and validate assumptions about the market and users, which is essential for the success of the project.",K5
"In the context of System Thinking, what does the term 'feedback loop' refer to?",A) A process of repeating actions to achieve a goal,B) A cycle that repeats every 24 hours,C) A mechanism that influences the system's behavior and can lead to changes in the system's state,D) A closed system that does not interact with the environment,2,"In System Thinking, a feedback loop refers to a mechanism that influences the system's behavior and can lead to changes in the system's state, such as in a positive or negative feedback loop.",K2
What is the primary goal of a Minimum Usable Prototype (MUP) in the context of System Thinking?,A) To create a fully functional product for market testing,B) To identify and fix major technical issues,C) To gather insights and validate assumptions with a limited set of features,D) To create a detailed marketing strategy,2,"A Minimum Usable Prototype is used to gather insights and validate assumptions with a limited set of features, allowing for quicker and more focused testing.",K3
Which of the following is NOT a principle of Human-Centered Design?,A) Design for the end user's needs and preferences,B) Focus solely on the product's functionality,C) Collaborate with users throughout the design process,D) Use empathy to understand user needs and behaviors,1,"Human-Centered Design emphasizes understanding user needs and behaviors, and designing products that meet those needs. It does not focus solely on functionality.",K4
"When generating solution concepts, what is the first step in the Systematic Concept Generation process?",A) Conducting customer interviews,B) Identifying and defining the problem,C) Creating a detailed business plan,D) Developing a Minimum Usable Prototype,1,"The first step in Systematic Concept Generation is to identify and define the problem, which is crucial for generating relevant and feasible solution concepts.",K3
What is the main purpose of conducting customer development processes during the validation phase of Design Thinking?,A) To gather insights and validate assumptions about the market and users,B) To finalize the product design,C) To hire more team members,D) To secure funding for the project,0,"The main purpose of customer development processes is to gather insights and validate assumptions about the market and users, which is essential for the success of the project.",K5
